{
    "links": [
        "/o-nas",
        "/dostavka",
        "/garantiya",
        "/sotrudnichestvo",
        "/contacts",
        "/reviews",
        "/uk/",
        "/cart",
        "tel:+380443793109",
        "/cart",
        "/o-nas",
        "/dostavka",
        "/garantiya",
        "/sotrudnichestvo",
        "/contacts",
        "/reviews",
        "/uk/",
        "/partners",
        "/catalog/akkumulyatory-dlya-noutbukov",
        "/catalog/bloki-pitaniya-dlya-noutbukov",
        "/catalog/klaviatury",
        "/catalog/matritsy-dlya-noutbukov",
        "/catalog/ventilyatory-kulery",
        "/catalog/sistemy-okhlazhdeniya-v-sbore",
        "/catalog/petli-dlya-noutbukov",
        "/catalog/razemy-pitaniya-dlya-noutbukov",
        "/catalog/tachskriny-dlya-noutbukov",
        "/catalog/shleyfy-dlya-noutbukov",
        "/catalog/zhestkie-diski-i-ssd-dlya-noutbukov",
        "/catalog/operativnaya-pamyat",
        "/catalog/akkumulyatory-dlya-planshetov",
        "/catalog/bloki-pitaniya-dlya-planshetov",
        "/catalog/matritsy-dlya-planshetov",
        "/catalog/moduli-dlya-planshetov",
        "/catalog/tachskriny-dlya-planshetov",
        "/catalog/matritsy-dlya-elektronnykh-knig",
        "/catalog/shleyfy-i-zapchasti-dlya-planshetov",
        "/catalog/razemy-pitaniya-dlya-planshetov",
        "/catalog/akkumulyatory-dlya-smartfonov",
        "/catalog/moduli-i-ekrany-dlya-smartfonov",
        "/catalog/tachskriny-dlya-smartfonov",
        "/catalog/shleyfy-i-zapchasti-dlya-smartfonov",
        "/catalog/razemy-dlya-smartfonov",
        "/catalog/kabeli-pitaniya-220v",
        "/catalog/bloki-pitaniya-dlya-monitorov",
        "/catalog/akkumulyatory-dlya-shurupovertov",
        "/catalog/akkumulyatory-dlya-pylesosov",
        "/catalog/akkumulyatory-dlya-girobordov-giroskuterov",
        "/catalog/akkumulyatory-dlya-radiostantsiy",
        "/catalog/akkumulyatory-dlya-elektrotransporta",
        "/catalog/akkumulyatory-dlya-foto-video-tekhniki",
        "/catalog/zaryadnye-stantsii",
        "/reviews",
        "/partners",
        "/news",
        "/oferta",
        "/sitemap",
        "/privacy",
        "/site/forgot",
        "tel:+380443793109"
    ],
    "mainPageText": "\n.\n.\n.\n.\n.\n.Интернет-магазин комплектующих для ноутбуков | Купить Запчасти для ноутбука, комплектующие для ноутбуков.\n.\n.\n.\n.\n.\n.\n.\n.\n.\n.\n.\n.\n.\n.\n.\n.\n.\n.\n.\n.\n.\r\n            {\"javaScript_searchResultsByModel\":\"Результаты поиска по модели:\",\"javaScript_searchResultsByArticul\":\"Результаты поиска по артикулу:\",\"javaScript_modelsNotFound\":\"По вашему запросу модели не найдены\",\"javaScript_enterModel\":\"Уточните модель, например\",\"javaScript_productsNotFound\":\"По вашему запросу товары не найдены\",\"javaScript_enterUkText\":\"Заполните данные на украинском языке\",\"javaScript_nalozhPay\":\"javaScript.nalozhPay\",\"javaScript_payWhenGet\":\"javaScript.payWhenGet\",\"javaScript_senderNpFree\":\"javaScript.senderNpFree\",\"javaScript_Free\":\"(бесплатно)\",\"javaScript_catalog_gotoresults\":\"Перейти к результатам\"}        .\n.\n.\n.\n.\n.\n.\n.\n.\n.\n.\n.\n.Все буде Україна!.Ми працюємо у воєнний час. Усі замовлення своєчасно обробляються та відправляются у доступні регіони.. .\n.\n.\n.\n.\n.\n.\n.\n.\n.\n.\n.О нас.Доставка.Гарантия.Сотрудничество.Контакты.Отзывы.\n.Uk.Ru.\n.\n. .\n.\n.\n.Корзина.\n.\n.\n.\n.\n.\n.Battery.net.ua.\n.\n.\n.\n.\n.\n.\n.\n.\n.\n.\n.\n.О нас.Доставка.Гарантия.Сотрудничество.Контакты.Отзывы.\n.Uk.Ru.\n.\n. .\n.\n.\n.\n.\n.\n.\n.\n.Найти.\n.\n.\n.\n\t\t+38 044 379 3109.Call back.\n.\n.\n.\n        Получить доступ к оптовым ценам\t.\n.\n.\n.\n.\n.\n.\n.Запчасти для ноутбуков.\n.\n.Запчасти для планшетов.\n.\n.Запчасти для телефонов.\n.\n.Другое.\n. .\n.\n.\n.\n.\n.\n.\t\t\tЗапчасти для ноутбуков\t\t.\n.\n.\n.\n.\n.\n\t\t\t\t\t\tБатареи для ноутбуков\t\t\t\t\t\t\t\t\t\t\t\t.(1731).\n.\n.\n.\n.\n.\n.\n.\n\t\t\t\t\t\tБлоки питания для ноутбуков\t\t\t\t\t\t\t\t\t\t\t\t.(510).\n.\n.\n.\n.\n.\n.\n.\n\t\t\t\t\t\tКлавиатуры для ноутбуков\t\t\t\t\t\t\t\t\t\t\t\t.(1387).\n.\n.\n.\n.\n.\n.\n.\n\t\t\t\t\t\tМатрицы для ноутбуков\t\t\t\t\t\t\t\t\t\t\t\t.(754).\n.\n.\n.\n.\n.\n.\n.\n\t\t\t\t\t\tВентиляторы (кулеры) для ноутбуков\t\t\t\t\t\t\t\t\t\t\t\t.(1177).\n.\n.\n.\n.\n.\n.\n.\n\t\t\t\t\t\tСистемы охлаждения ноутбука (в сборе)\t\t\t\t\t\t\t\t\t\t\t\t.(91).\n.\n.\n.\n.\n.\n.\n.\n\t\t\t\t\t\tПетли для ноутбуков\t\t\t\t\t\t\t\t\t\t\t\t.(463).\n.\n.\n.\n.\n.\n.\n.\n\t\t\t\t\t\tРазъемы питания для ноутбуков\t\t\t\t\t\t\t\t\t\t\t\t.(599).\n.\n.\n.\n.\n.\n.\n.\n\t\t\t\t\t\tТачскрины для ноутбуков\t\t\t\t\t\t\t\t\t\t\t\t.(76).\n.\n.\n.\n.\n.\n.\n.\n\t\t\t\t\t\tШлейфы для ноутбуков\t\t\t\t\t\t\t\t\t\t\t\t.(714).\n.\n.\n.\n.\n.\n.\n.\n\t\t\t\t\t\tЖесткие диски и SSD для ноутбуков\t\t\t\t\t\t\t\t\t\t\t\t.(23).\n.\n.\n.\n.\n.\n.\n.\n\t\t\t\t\t\tОперативная память\t\t\t\t\t\t\t\t\t\t\t\t.(18).\n.\n.\n.\n.\n.\n.\n.\n.\t\t\tЗапчасти для планшетов\t\t.\n.\n.\n.\n.\n.\n\t\t\t\t\t\tБатареи для планшетов\t\t\t\t\t\t\t\t\t\t\t\t.(133).\n.\n.\n.\n.\n.\n.\n.\n\t\t\t\t\t\tБлоки питания для планшетов\t\t\t\t\t\t\t\t\t\t\t\t.(33).\n.\n.\n.\n.\n.\n.\n.\n\t\t\t\t\t\tМатрицы для планшетов\t\t\t\t\t\t\t\t\t\t\t\t.(92).\n.\n.\n.\n.\n.\n.\n.\n\t\t\t\t\t\tМодули для планшетов\t\t\t\t\t\t\t\t\t\t\t\t.(112).\n.\n.\n.\n.\n.\n.\n.\n\t\t\t\t\t\tТачскрины для планшетов\t\t\t\t\t\t\t\t\t\t\t\t.(394).\n.\n.\n.\n.\n.\n.\n.\n\t\t\t\t\t\tМатрицы для электронных книг\t\t\t\t\t\t\t\t\t\t\t\t.(10).\n.\n.\n.\n.\n.\n.\n.\n\t\t\t\t\t\tШлейфы и запчасти для планшетов\t\t\t\t\t\t\t\t\t\t\t\t.(34).\n.\n.\n.\n.\n.\n.\n.\n\t\t\t\t\t\tРазъемы питания для планшетов\t\t\t\t\t\t\t\t\t\t\t\t.(37).\n.\n.\n.\n.\n.\n.\n.\n.\t\t\tЗапчасти для телефонов\t\t.\n.\n.\n.\n.\n.\n\t\t\t\t\t\tБатареи для телефонов\t\t\t\t\t\t\t\t\t\t\t\t.(725).\n.\n.\n.\n.\n.\n.\n.\n\t\t\t\t\t\tМодули и экраны для телефонов\t\t\t\t\t\t\t\t\t\t\t\t.(319).\n.\n.\n.\n.\n.\n.\n.\n\t\t\t\t\t\tТачскрины для телефонов\t\t\t\t\t\t\t\t\t\t\t\t.(358).\n.\n.\n.\n.\n.\n.\n.\n\t\t\t\t\t\tШлейфы и запчасти для смартфонов\t\t\t\t\t\t\t\t\t\t\t\t.(335).\n.\n.\n.\n.\n.\n.\n.\n\t\t\t\t\t\tРазъемы для смартфонов\t\t\t\t\t\t\t\t\n\t\t\t\t\t.\n.\n.\n.\n.\n.\n.\n\t\t\t\t\t\tДругое\t\t.\n.\n.\n.\n.\n.\n\t\t\t\t\t\tКабели питания 220V\t\t\t\t\t\t\t\t\t\t\t\t.(16).\n.\n.\n.\n.\n.\n.\n.\n\t\t\t\t\t\tБлоки питания для мониторов\t\t\t\t\t\t\t\t\t\t\t\t.(47).\n.\n.\n.\n.\n.\n.\n.\n\t\t\t\t\t\tБатареи для шуруповертов\t\t\t\t\t\t\t\t\t\t\t\t.(147).\n.\n.\n.\n.\n.\n.\n.\n\t\t\t\t\t\tАккумуляторы для пылесосов\t\t\t\t\t\t\t\t\t\t\t\t.(69).\n.\n.\n.\n.\n.\n.\n.\n\t\t\t\t\t\tАккумуляторы для гиробордов (гироскутеров)\t\t\t\t\t\t\t\t\n\t\t\t\t\t.\n.\n.\n.\n.\n.\n.\n\t\t\t\t\t\tАккумуляторы для радиостанций\t\t\t\t\t\t\t\t\t\t\t\t.(64).\n.\n.\n.\n.\n.\n.\n\t\t\t\t\t\tАккумуляторы для электротранспорта\t\t\t\t\t\t\t\t\t\t\t\t.(3).\n.\n.\n.\n.\n.\n.\n\t\t\t\t\t\tАккумуляторы для фото-видео техники\t\t\t\t\t\t\t\t\t\t\t\t.(38).\n.\n.\n.\n.\n.\n.\n\t\t\t\t\t\tЗарядные станции\t\t\t\t\t\t\t\t\t\t\t\t.(5).\n.\n.\n.\n.\n.\n.\n.\n.\n.\n.\n.\n.\n.\n.Загрузка....\n.\n.\n.\n.\n.Отзывы пользователей.Оставить отзыв.\n.Все отзывы.\n.\n.\n.\n.Олена Нагорняк.\n.10.10.2024.\n.привітний персонал, все чітко пояснили.\n.\n.Валентина.\n.07.10.2024.\n.нажаль потрібної моделі батареї не було в наявності, але сайт дуже зручний, скористалась кнопкною \"Повідомити про наявність\", чекаю на повідомлення.\n.\n.F1xer.\n.03.10.2024.\n.на постійній основі купуємо матріці до ноутбуків та ін комплектуючі через Баттері, як завжди якість деталей та обслуговування - на висоті!.\n. .\n.\n.\n.\n.\n.\n.\n.\n.Доставка:.\n\t\t\tНовой почтой\r\nУкрпочтой\t\t.\n.Контакты:.\n.\n.+38 044 379 3109. .office@battery.net.ua. .\n.\n.Офис:.\n.\n.г. Киев, ул. Борисоглебская 15Г. Самовывоз временно недоступен..\n.График работы: Пн-Пт с 10 до 19.\n.Показать на карте.\n.\n.\n.Принимаем к оплате:.\n.\n.\n.\n.\n.\n.\n.\n                Стать партнером            .\n.\n.\n.Мы работаем в городах Украины:.\n.\n.Одесса.Львов.Киев.Днепр.Харьков.Запорожье.Кривой Рог.Николаев.Полтава.Винница.Херсон.Чернигов.Черкассы.Житомир.Черновцы.Хмельницкий.Каменец-Подольский.Бровары.Ровно.Кропивницкий.Кременчуг.Ивано-Франковск.Тернополь.Белая Церковь.Луцк.Мелитополь.Никополь.Бердянск.Ужгород.Сумы. .\n.\n.\n            Весь контент, выложенный на нашем сайте, принадлежащий третьим лицам и остается собственностью его законных правообладателей. Сюда входят логотипы, технологии, названия торговых марок и торговых знаков. Эти данные используется на сайте исключительно для иллюстрации, а также в качестве справочно-ознакомительного материала.\t\t.\n.\n.\n.\n.\n.\n.\n.Battery.net.ua © 2024.\n.\n.Новости.\n.Оферта.\n.Карта сайта.\n.Политика конфиденциальности.\n.\n.\n.\n.\n. .\n.\n.\n.\n.\n.\n.\n.Войти.\n.Забыли пароль?.\n.\n.\n.\n.\n.\n.\n.\n.\n.\n.\n.\n.Зарегистрироваться.\n.\n.\n.\n.\n.\n.\n.\n.\n.Заказать обратный звонок.\n.Связаться с нами.\n.Вы можете позвонить нам по телефону .+38 044 379 3109. или заказать обратный звонок с помощью формы ниже..\n.\n.\n.\n.\n.\n.Отправить.\n.\n.\n.\n.Найдем за вас.\n.Мы поможем подобрать за Вас нужную деталь для вашего устройства.\n.\n.\n.\n.\n.\n.\n.Отправить.\n.\n.\n.\n.Уведомить о наличии.\n.\n.Уважаемый покупатель, на данный момент на складе нет данного товара. Оставьте, пожалуйста, Ваши контактные данные и Вам придет на e-mail уведомление о поступлении товара на склад. Вы всегда можете обратиться за помощью к нашим специалистам позвонив или написав нам, мы подберем товар который Вам требуется..\n.\n.\n.\n.\n.\n.\n.\n.\n.\n.Отправить.\n.\n.\n.\n.Написать отзыв.\n.\n.\n.\n.\n.\n.\n.\n.\n.Отправить.\n.\n.\n.\n.\n.\n.\n.\n.\n.\n.\n.\n.\n.\n",
    "baseURL": "https://battery.net.ua"
}