{
    "links": [
        "https://fopmilov.com.ua/eng",
        "https://fopmilov.com.ua/",
        "#rec827505625",
        "#rec827505625",
        "#rec827505625",
        "https://fopmilov.com.ua/tier",
        "https://fopmilov.com.ua/tier",
        "https://fopmilov.com.ua/tier",
        "#rec827505625",
        "#rec827505625",
        "https://www.instagram.com/ihor_from_/",
        "https://www.facebook.com/yra.okino/",
        "https://fopmilov.com.ua/policy"
    ],
    "mainPageText": " . . . . . . .UA LEADS LEADS LEADS. . . . . . . . . . . . . . . . . . . . . . . . . . . . . . . . . . . . . . . . . . . . . . . . . . . . . . . . . . . .АНГЛІЙСЬКА. . . .УКРАЇНСЬКА. . . .АРАБСЬКА. . . .ІВРИТ. . . .ЗВ'ЯЗОК. . . . . . . .Ліди .ЛІДИ. . . .ЛІДИ. . . .Ми глобальна, кросплатформна... Ні, ні, ні....Коротше кажучи, ми надаємо вам ЛІДИ, ЛІДИ та ЛІДИ. .Та інші нудні маркетингові послуги. . . . . . . . . . . .ДІЗНАТИСЬ БІЛЬШЕ →. . . . . . . . . . . . . . . . . . . . . . . . . . . . . . . . . . . . . . . . . . . . . . . . . . . . . . . . . . . . . . . . .ЯК ЦЕ ПРАЦЮЄ. . . . . . . .КАПЕЦЬ ПРОСТО!. . . . . . . . . . . .Встановіть свої ЦІЛІ (будь ласка, подумайте двічі... тричі) і ПОДІЛІТЬСЯ ними з НАМИ. . . . . . . .Початок. . . .крок. . . . . . . . . . . . .Ми будемо проводити маркетингові кампанії для досягнення ваших ЦІЛЕЙ.(саме ті з попереднього кроку). . . . . . . .Виробництво . . . .крок. . . . . . . .Ви щасливі, тому що ви отримали ЛІДИ, які на 100 відсотків відповідають вашим бажанням із кроку 1. . . . . . . .Делівері. . . .крок. . . . . . . . . . . . . . . . . . . . . . . . . .Інноваційні рішення. . . .Ми йдемо на випередження, використовуючи новітні маркетингові тенденції та технології. Наш креативний підхід і бажання експериментувати з новими ідеями дозволяють нам надавати інноваційні рішення, які допомагають нашим клієнтам виділитися на конкурентному ринку. . . .➔. . . . . . . . .Перевірений послужний список. . . .Маючи історію успішних кампаній і задоволених клієнтів, ми продемонстрували нашу здатність досягати результатів. Наше портфоліо демонструє наш досвід у різних галузях, надаючи потенційним клієнтам впевненість у наших можливостях. . . .➔. . . . . . . . .ROI-орієнтовані стратегії. . . .Ми розуміємо, що кожен бізнес унікальний. Наша команда витрачає час на розробку індивідуальних маркетингових стратегій, які відповідають вашим конкретним цілям, цільовій аудиторії та галузевим тенденціям. . . .➔. . . .ЧОМУ МИ?. . . . . . . . . . . . . . . . . . . . . . . . . . . . . . . .Потенційний клієнт — це, по суті, потенційний клієнт, який зацікавився вашими пропозиціями. Наше агентство спеціалізується на виявленні та кваліфікації цих потенційних клієнтів від вашого імені, гарантуючи, що вони не лише обізнані про ваші послуги чи продукти, але й готові зробити покупку. Ми використовуємо методи стратегічного маркетингу, щоб залучити цих потенційних клієнтів, налагодити стосунки та скеровувати їх у процесі прийняття рішень. Наша мета — створити плавний перехід від інтересу до дії. . . .ПРО ПРОЕКТ. . . .ДІЗНАТИСЬ БІЛЬШЕ →. . . . . . . . . . . . . . . . . . . . . . .ПРО ПРОЕКТ. . . .ПРО ПРОЕКТ. . . .ПРО ПРОЕКТ. . . .ПРО ПРОЕКТ. . . .ПРО ПРОЕКТ. . . .ПРО ПРОЕКТ. . . .about the project. . . .about the project. . . .about the project. . . .про. . . .ПРО ПРОЕКТ. . . .ПРО ПРОЕКТ. . . .ПРО ПРОЕКТ. . . .ПРО ПРОЕКТ. . . .ПРО ПРОЕКТ. . . .ПРО ПРОЕКТ. . . .about the project. . . .about the project. . . .about the project. . . .ПРО ПРОЕКТ. . . . . . . . . . . . . . . . . . . . . . . . . . . . . . . . . . . . . . . . . . . . . . . . . . . .НАЙКРАЩІ ЛІДИ.СТАНДАРТНЕ РОЗГОРТАННЯ. . . . . . . .Tier1. . . .1260грн. . . .Які це країни. . . . . . . .НАЙКРАЩІ ЛІДИ.СТАНДАРТНЕ РОЗГОРТАННЯ. . . . . . . .Tier2. . . .840грн. . . .Які це країни. . . .НАЙКРАЩІ ЛІДИ.СТАНДАРТНЕ РОЗГОРТАННЯ. . . . . . . .Tier3. . . .420грн. . . .Які це країні. . . . . . . . . . . . . . . . . . . . . . . . . . . . . . . . . . . .ОСЬ ДЕЯКІ ЦИФРИ?. . . .Медійних компаній. . . .5.000. . . .5.000. . . .800. . . .800. . . .95. . . .95. . . .100. . . .100. . . .6. . . .6. . . .+100K. . . .+100K. . . .щасливих.клієнтів. . . .Лідів на рік. . . .Країн. . . .рекламних платформ. . . . . . . . ДІЗНАТИСЬ БІЛЬШЕ →. . . .років досвіду. . . . . . . . . . . . . . . .Здається, ми вам подобаємося!. . . .Зайшли так далеко!?. . . . . . . . . . . . . . . . . .*так, натискайте, звичайно!. . . . . . . . . . . . . . . .ЧОМУ ?. . . .ЧОМУ ?. . . .ЧОМУ ?. . . .ЧОМУ ?. . . .ЧОМУ ?. . . .ЧОМУ ?. . . . . . . . . . . . . . . . . . . . . . . .Ми робимо те, що любимо. . . .01. . . .Повністю екологічно чисті. . . .03. . . .Win-Win стратегії. . . .02. . . .Ми професіонали. . . .10. . . .Ніколи не стоїмо на місці. . . .04. . . . . . . . . . . . . . . . . . . . . . . . . . . . . . . . . . . . . . . . . . . . . . . . . . . . . . . .НАМ ПОЩАСТИЛО ПРАЦЮВАТИ З ЦИМИ ХЛОПЦЯМИ . . . . . . . . . . . . . . . . . . . . . . . . .Зареєструйтеся, щоб отримати повний доступ. . . . . . . . . . . . .[{\"lid\":\"1531306540094\",\"ls\":\"10\",\"loff\":\"\",\"li_type\":\"nm\",\"li_name\":\"name\",\"li_ph\":\"\\u0406\\u043c\\u044f\",\"li_nm\":\"name\"},{\"lid\":\"1531306243545\",\"ls\":\"20\",\"loff\":\"\",\"li_type\":\"em\",\"li_name\":\"email\",\"li_ph\":\"\\u041f\\u043e\\u0448\\u0442\\u043e\\u0432\\u0430 \\u0441\\u043a\\u0440\\u0456\\u043d\\u044c\\u043a\\u0430\",\"li_nm\":\"email\"}]. . . . . . . . . . . . . . . . . . . . . . . . . . . . . . . . . .КАЖИ.ПРИВІТ!. . . . . . . . . . . . . . . . . . .тел:. +38 (073) 907-9113. . . .email:. milov.sciencelab@icloud.com. . . .медіа:. . . .youtube. . . .instagram. . . .x. . . .facebook. . . . . . . . . . . . . . .Політика безпеки. . . . . . . . . . . . . ",
    "baseURL": "https://fopmilov.com.ua/"
}